<metadata xml:lang="en"><Esri><CreaDate>20210330</CreaDate><CreaTime>08531900</CreaTime><ArcGISFormat>1.0</ArcGISFormat><SyncOnce>FALSE</SyncOnce><DataProperties><lineage><Process ToolSource="c:\program files (x86)\arcgis\desktop10.6\ArcToolbox\Toolboxes\Data Management Tools.tbx\RegisterWithGeodatabase" Date="20210318" Time="141526">RegisterWithGeodatabase "Database Connections\\GISTST_GISDATA.sde\POLY_BOUNDARY_MUNICIPALITY" OBJECTID GEOMETRY POLYGON "{B286C06B-0879-11D2-AACA-00C04FA33C20};-45035996.0495 -45035996.0495 10000000;-100000 10000;-100000 10000;0.000001;0.001;0.001;IsHighPrecision" "-238000 -133000 257000 152000"</Process><Process Name="Feature Class to Feature Class (2)" ToolSource="c:\program files\arcgis\pro\Resources\ArcToolbox\toolboxes\Conversion Tools.tbx\FeatureClassToFeatureClass" Date="20210326" Time="151112">FeatureClassToFeatureClass C:\Temp\Boundary\GISTST.sde\GISDATA.POLY_BOUNDARY_MUNICIPALITY C:\Temp\Boundary\BoundaryOpenData_10_3.gdb MUNICIPAL_BOUNDARY # "COUNTY "COUNTY" true true false 2 Text 0 0,First,#,C:\Temp\Boundary\PENN - GISPRD.sde\PENN.MUNICIPALITY_CEN_MUNCEN,COUNTY,0,2,C:\Temp\Boundary\GISTST.sde\GISDATA.POLY_BOUNDARY_MUNICIPALITY,COUNTY,0,2;MUNICIPAL_CODE "MUNICIPAL_CODE" true true false 3 Text 0 0,First,#,C:\Temp\Boundary\PENN - GISPRD.sde\PENN.MUNICIPALITY_CEN_MUNCEN,MUNICIPAL_CODE,0,3,C:\Temp\Boundary\GISTST.sde\GISDATA.POLY_BOUNDARY_MUNICIPALITY,MUNICIPAL_CODE,0,3;MUNICIPAL_NAME "MUNICIPAL_NAME" true true false 20 Text 0 0,First,#,C:\Temp\Boundary\PENN - GISPRD.sde\PENN.MUNICIPALITY_CEN_MUNCEN,MUNICIPAL_NAME,0,20,C:\Temp\Boundary\GISTST.sde\GISDATA.POLY_BOUNDARY_MUNICIPALITY,MUNICIPAL_NAME,0,20;FIPS_MUN_CODE "FIPS_MUN_CODE" true true false 5 Text 0 0,First,#,C:\Temp\Boundary\PENN - GISPRD.sde\PENN.MUNICIPALITY_CEN_MUNCEN,FIPS_MUN_CODE,0,5,C:\Temp\Boundary\GISTST.sde\GISDATA.POLY_BOUNDARY_MUNICIPALITY,FIPS_MUN_CODE,0,5;FED_AID_URB_AREA "FED_AID_URB_AREA" true true false 1 Text 0 0,First,#,C:\Temp\Boundary\PENN - GISPRD.sde\PENN.MUNICIPALITY_CEN_MUNCEN,FED_AID_URB_AREA,0,1,C:\Temp\Boundary\GISTST.sde\GISDATA.POLY_BOUNDARY_MUNICIPALITY,FED_AID_URB_AREA,0,1;FIPS_COUNTY_CODE "FIPS_COUNTY_CODE" true true false 3 Text 0 0,First,#,C:\Temp\Boundary\PENN - GISPRD.sde\PENN.MUNICIPALITY_CEN_MUNCEN,FIPS_COUNTY_CODE,0,3,C:\Temp\Boundary\GISTST.sde\GISDATA.POLY_BOUNDARY_MUNICIPALITY,FIPS_COUNTY_CODE,0,3;FIPS_AREA_CODE "FIPS_AREA_CODE" true true false 5 Text 0 0,First,#,C:\Temp\Boundary\PENN - GISPRD.sde\PENN.MUNICIPALITY_CEN_MUNCEN,FIPS_AREA_CODE,0,5,C:\Temp\Boundary\GISTST.sde\GISDATA.POLY_BOUNDARY_MUNICIPALITY,FIPS_AREA_CODE,0,5;FIPS_NAME "FIPS_NAME" true true false 16 Text 0 0,First,#,C:\Temp\Boundary\PENN - GISPRD.sde\PENN.MUNICIPALITY_CEN_MUNCEN,FIPS_NAME,0,16,C:\Temp\Boundary\GISTST.sde\GISDATA.POLY_BOUNDARY_MUNICIPALITY,FIPS_NAME,0,16;FIPS_SQ_MI "FIPS_SQ_MI" true true false 8 Double 0 38,First,#,C:\Temp\Boundary\PENN - GISPRD.sde\PENN.MUNICIPALITY_CEN_MUNCEN,FIPS_SQ_MI,-1,-1,C:\Temp\Boundary\GISTST.sde\GISDATA.POLY_BOUNDARY_MUNICIPALITY,FIPS_SQ_MI,-1,-1;FIPS_MUN_POP "FIPS_MUN_POP" true true false 4 Long 0 10,First,#,C:\Temp\Boundary\PENN - GISPRD.sde\PENN.MUNICIPALITY_CEN_MUNCEN,FIPS_MUN_POP,-1,-1,C:\Temp\Boundary\GISTST.sde\GISDATA.POLY_BOUNDARY_MUNICIPALITY,FIPS_MUN_POP,-1,-1;FED_ID_NUM "FED_ID_NUM" true true false 10 Text 0 0,First,#,C:\Temp\Boundary\PENN - GISPRD.sde\PENN.MUNICIPALITY_CEN_MUNCEN,FED_ID_NUM,0,10,C:\Temp\Boundary\GISTST.sde\GISDATA.POLY_BOUNDARY_MUNICIPALITY,FED_ID_NUM,0,10;CLASS_OF_MUNIC "CLASS_OF_MUNIC" true true false 4 Text 0 0,First,#,C:\Temp\Boundary\PENN - GISPRD.sde\PENN.MUNICIPALITY_CEN_MUNCEN,CLASS_OF_MUNIC,0,4,C:\Temp\Boundary\GISTST.sde\GISDATA.POLY_BOUNDARY_MUNICIPALITY,CLASS_OF_MUNIC,0,4;SE_ANNO_CAD_DATA "SE_ANNO_CAD_DATA" true true false 0 Blob 0 0,First,#,C:\Temp\Boundary\PENN - GISPRD.sde\PENN.MUNICIPALITY_CEN_MUNCEN,SE_ANNO_CAD_DATA,-1,-1,C:\Temp\Boundary\GISTST.sde\GISDATA.POLY_BOUNDARY_MUNICIPALITY,SE_ANNO_CAD_DATA,-1,-1;AREA "AREA" false false true 0 Double 0 0,First,#,C:\Temp\Boundary\PENN - GISPRD.sde\PENN.MUNICIPALITY_CEN_MUNCEN,GEOMETRY.AREA,-1,-1;LEN "LEN" false false true 0 Double 0 0,First,#,C:\Temp\Boundary\PENN - GISPRD.sde\PENN.MUNICIPALITY_CEN_MUNCEN,GEOMETRY.LEN,-1,-1;MSLINK "MSLINK" true true false 4 Long 0 10,First,#,C:\Temp\Boundary\GISTST.sde\GISDATA.POLY_BOUNDARY_MUNICIPALITY,MSLINK,-1,-1;GIS_UPDATE_DATE "GIS_UPDATE_DATE" true true false 8 Date 0 0,First,#,C:\Temp\Boundary\GISTST.sde\GISDATA.POLY_BOUNDARY_MUNICIPALITY,GIS_UPDATE_DATE,-1,-1;GIS_GEOMETRY_UPDATE_DATE "GIS_GEOMETRY_UPDATE_DATE" true true false 8 Date 0 0,First,#,C:\Temp\Boundary\GISTST.sde\GISDATA.POLY_BOUNDARY_MUNICIPALITY,GIS_GEOMETRY_UPDATE_DATE,-1,-1;GPID "GPID" true false false 4 Long 0 10,First,#,C:\Temp\Boundary\GISTST.sde\GISDATA.POLY_BOUNDARY_MUNICIPALITY,GPID,-1,-1;AREA_1 "AREA" false false true 0 Double 0 0,First,#,C:\Temp\Boundary\GISTST.sde\GISDATA.POLY_BOUNDARY_MUNICIPALITY,GEOMETRY.AREA,-1,-1;LEN_1 "LEN" false false true 0 Double 0 0,First,#,C:\Temp\Boundary\GISTST.sde\GISDATA.POLY_BOUNDARY_MUNICIPALITY,GEOMETRY.LEN,-1,-1" #</Process><Process Name="Add Field" ToolSource="c:\program files\arcgis\pro\Resources\ArcToolbox\toolboxes\Data Management Tools.tbx\AddField" Date="20210326" Time="151112">AddField C:\Temp\Boundary\BoundaryOpenData_10_3.gdb\MUNICIPAL_BOUNDARY FIPS_STATE_CODE Text # # 2 # NULLABLE NON_REQUIRED #</Process><Process Name="Calculate Field" ToolSource="c:\program files\arcgis\pro\Resources\ArcToolbox\toolboxes\Data Management Tools.tbx\CalculateField" Date="20210326" Time="151113">CalculateField C:\Temp\Boundary\BoundaryOpenData_10_3.gdb\MUNICIPAL_BOUNDARY FIPS_STATE_CODE "42" PYTHON_9.3 # Text</Process><Process Name="Add Field (2)" ToolSource="c:\program files\arcgis\pro\Resources\ArcToolbox\toolboxes\Data Management Tools.tbx\AddField" Date="20210326" Time="151114">AddField C:\Temp\Boundary\BoundaryOpenData_10_3.gdb\MUNICIPAL_BOUNDARY ANSI_CODE Text # # 25 # NULLABLE NON_REQUIRED #</Process><Process Name="Calculate Field (2)" ToolSource="c:\program files\arcgis\pro\Resources\ArcToolbox\toolboxes\Data Management Tools.tbx\CalculateField" Date="20210326" Time="151115">CalculateField C:\Temp\Boundary\BoundaryOpenData_10_3.gdb\MUNICIPAL_BOUNDARY ANSI_CODE "!FIPS_STATE_CODE! + "" + !FIPS_COUNTY_CODE! + "" + !FIPS_MUN_CODE!" PYTHON_9.3 # Text</Process><Process Name="Join Field" ToolSource="c:\program files\arcgis\pro\Resources\ArcToolbox\toolboxes\Data Management Tools.tbx\JoinField" Date="20210326" Time="151115">JoinField C:\Temp\Boundary\BoundaryOpenData_10_3.gdb\MUNICIPAL_BOUNDARY ANSI_CODE C:\Temp\Boundary\BoundaryOpenData_10_3.gdb\MUN_JOIN_TABLE ANSI_CODE GNIS_CODE</Process><Process Name="Join Field (2)" ToolSource="c:\program files\arcgis\pro\Resources\ArcToolbox\toolboxes\Data Management Tools.tbx\JoinField" Date="20210326" Time="151116">JoinField C:\Temp\Boundary\BoundaryOpenData_10_3.gdb\MUNICIPAL_BOUNDARY COUNTY C:\Temp\Boundary\BoundaryOpenData_10_3.gdb\MUN_CTY_DIST_PP CTY_CODE COUNTY_NAME;DISTRICT_NO;PLANNING_PARTNER</Process><Process Name="Alter Field (2)" ToolSource="c:\program files\arcgis\pro\Resources\ArcToolbox\toolboxes\Data Management Tools.tbx\AlterField" Date="20210326" Time="151127">AlterField C:\Temp\Boundary\BoundaryOpenData_10_3.gdb\MUNICIPAL_BOUNDARY ANSI_CODE FIPS_CODE FIPS_CODE # 2147483647 NON_NULLABLE false</Process><Process Name="Add Field (6)" ToolSource="c:\program files\arcgis\pro\Resources\ArcToolbox\toolboxes\Data Management Tools.tbx\AddField" Date="20210326" Time="151128">AddField C:\Temp\Boundary\BoundaryOpenData_10_3.gdb\MUNICIPAL_BOUNDARY GEO_ID_Join Text # # 255 GEO_ID_Join NULLABLE NON_REQUIRED #</Process><Process Name="Calculate Field (7)" ToolSource="c:\program files\arcgis\pro\Resources\ArcToolbox\toolboxes\Data Management Tools.tbx\CalculateField" Date="20210326" Time="151129">CalculateField C:\Temp\Boundary\BoundaryOpenData_10_3.gdb\MUNICIPAL_BOUNDARY GEO_ID_Join "!FIPS_STATE_CODE! + "" + !FIPS_MUN_CODE!" PYTHON_9.3 # Text</Process><Process Name="Join Field (5)" ToolSource="c:\program files\arcgis\pro\Resources\ArcToolbox\toolboxes\Data Management Tools.tbx\JoinField" Date="20210326" Time="151131">JoinField C:\Temp\Boundary\BoundaryOpenData_10_3.gdb\MUNICIPAL_BOUNDARY GEO_ID_Join C:\Temp\Boundary\BoundaryOpenData_10_3.gdb\GEOID_ANSI_JOIN Field1 Field2</Process><Process Name="Alter Field (4)" ToolSource="c:\program files\arcgis\pro\Resources\ArcToolbox\toolboxes\Data Management Tools.tbx\AlterField" Date="20210326" Time="151131">AlterField C:\Temp\Boundary\BoundaryOpenData_10_3.gdb\MUNICIPAL_BOUNDARY Field2 ANSI_CODE ANSI_CODE # 2147483647 NON_NULLABLE false</Process><Process Name="Alter Field (3)" ToolSource="c:\program files\arcgis\pro\Resources\ArcToolbox\toolboxes\Data Management Tools.tbx\AlterField" Date="20210326" Time="151132">AlterField C:\Temp\Boundary\BoundaryOpenData_10_3.gdb\MUNICIPAL_BOUNDARY GNIS_CODE GNIS_PPL GNIS_PPL # 4 NON_NULLABLE false</Process><Process Name="Delete Field (2)" ToolSource="c:\program files\arcgis\pro\Resources\ArcToolbox\toolboxes\Data Management Tools.tbx\DeleteField" Date="20210326" Time="151138">DeleteField C:\Temp\Boundary\BoundaryOpenData_10_3.gdb\MUNICIPAL_BOUNDARY GEO_ID_Join</Process><Process Name="Calculate Field (8)" ToolSource="c:\program files\arcgis\pro\Resources\ArcToolbox\toolboxes\Data Management Tools.tbx\CalculateField" Date="20210326" Time="151139">CalculateField C:\Temp\Boundary\BoundaryOpenData_10_3.gdb\MUNICIPAL_BOUNDARY ANSI_CODE f(!ANSI_CODE!,!GNIS_PPL!) PYTHON_9.3 "def f(ANSI_CODE,GNIS_PPL):
 if ANSI_CODE is None:
  return GNIS_PPL
 else:
  return ANSI_CODE" Text</Process><Process Name="Join Field (6)" ToolSource="c:\program files\arcgis\pro\Resources\ArcToolbox\toolboxes\Data Management Tools.tbx\JoinField" Date="20210326" Time="151141">JoinField C:\Temp\Boundary\BoundaryOpenData_10_3.gdb\MUNICIPAL_BOUNDARY FIPS_CODE C:\Temp\Boundary\BoundaryOpenData_10_3.gdb\DCED_CODES GEOIDFULLFIPS DCEDMUNID</Process><Process Name="Alter Field (6)" ToolSource="c:\program files\arcgis\pro\Resources\ArcToolbox\toolboxes\Data Management Tools.tbx\AlterField" Date="20210326" Time="151142">AlterField C:\Temp\Boundary\BoundaryOpenData_10_3.gdb\MUNICIPAL_BOUNDARY DCEDMUNID DCED_ID DCED_ID # 6 NON_NULLABLE false</Process><Process ToolSource="c:\program files\arcgis\pro\Resources\ArcToolbox\toolboxes\Data Management Tools.tbx\UpdateSchema" Date="20210326" Time="151622">UpdateSchema "CIMDATA=&lt;CIMStandardDataConnection xsi:type='typens:CIMStandardDataConnection' xmlns:xsi='http://www.w3.org/2001/XMLSchema-instance' xmlns:xs='http://www.w3.org/2001/XMLSchema' xmlns:typens='http://www.esri.com/schemas/ArcGIS/2.7.0'&gt;&lt;WorkspaceConnectionString&gt;DATABASE=C:\Temp\Boundary\BoundaryOpenData_10_3.gdb&lt;/WorkspaceConnectionString&gt;&lt;WorkspaceFactory&gt;FileGDB&lt;/WorkspaceFactory&gt;&lt;Dataset&gt;MUNICIPAL_BOUNDARY&lt;/Dataset&gt;&lt;DatasetType&gt;esriDTFeatureClass&lt;/DatasetType&gt;&lt;/CIMStandardDataConnection&gt;" &lt;operationSequence&gt;&lt;workflow&gt;&lt;DeleteField&gt;&lt;field_name&gt;SE_ANNO_CAD_DATA&lt;/field_name&gt;&lt;field_name&gt;AREA&lt;/field_name&gt;&lt;field_name&gt;LEN&lt;/field_name&gt;&lt;field_name&gt;MSLINK&lt;/field_name&gt;&lt;field_name&gt;GIS_UPDATE_DATE&lt;/field_name&gt;&lt;field_name&gt;GIS_GEOMETRY_UPDATE_DATE&lt;/field_name&gt;&lt;field_name&gt;GPID&lt;/field_name&gt;&lt;field_name&gt;AREA_1&lt;/field_name&gt;&lt;field_name&gt;LEN_1&lt;/field_name&gt;&lt;/DeleteField&gt;&lt;/workflow&gt;&lt;/operationSequence&gt;</Process><Process ToolSource="c:\program files\arcgis\pro\Resources\ArcToolbox\Toolboxes\Data Management Tools.tbx\CopyMultiple" Date="20210330" Time="085321">CopyMultiple "C:\Temp\Boundary\BoundaryOpenData_10_3.gdb\COUNTY_BOUNDARY FeatureClass;C:\Temp\Boundary\BoundaryOpenData_10_3.gdb\DISTRICT_BOUNDARY FeatureClass;C:\Temp\Boundary\BoundaryOpenData_10_3.gdb\MUNICIPAL_BOUNDARY FeatureClass;C:\Temp\Boundary\BoundaryOpenData_10_3.gdb\PLANNING_PARTNER_BOUNDARY FeatureClass;C:\Temp\Boundary\BoundaryOpenData_10_3.gdb\STATE_BOUNDARY FeatureClass" C:\Temp\PASDA_March_2021.gdb COUNTY_BOUNDARY;DISTRICT_BOUNDARY;MUNICIPAL_BOUNDARY;PLANNING_PARTNER_BOUNDARY;STATE_BOUNDARY "COUNTY_BOUNDARY FeatureClass COUNTY_BOUNDARY #;DISTRICT_BOUNDARY FeatureClass DISTRICT_BOUNDARY #;MUNICIPAL_BOUNDARY FeatureClass MUNICIPAL_BOUNDARY #;PLANNING_PARTNER_BOUNDARY FeatureClass PLANNING_PARTNER_BOUNDARY #;STATE_BOUNDARY FeatureClass STATE_BOUNDARY #"</Process><Process ToolSource="c:\program files\arcgis\pro\Resources\ArcToolbox\toolboxes\Data Management Tools.tbx\Rename" Date="20210330" Time="095446">Rename C:\Temp\PASDA_March_2021.gdb\MUNICIPAL_BOUNDARY C:\Temp\PASDA_March_2021.gdb\PaMunicipalityBoundary FeatureClass</Process></lineage><itemProps><itemName Sync="TRUE">PaMunicipalityBoundary</itemName><imsContentType Sync="TRUE">002</imsContentType><itemLocation><linkage Sync="TRUE">file://\\psieefiler.ems.psu.edu\psieecifsvol1\Allegheny_DEP\202103\PennDOT\PaMunicipalityBoundary.shp</linkage><protocol Sync="TRUE">Local Area Network</protocol></itemLocation><itemSize Sync="TRUE">0.000</itemSize></itemProps><coordRef><type Sync="TRUE">Projected</type><geogcsn Sync="TRUE">GCS_North_American_1983</geogcsn><csUnits Sync="TRUE">Linear Unit: Meter (1.000000)</csUnits><projcsn Sync="TRUE">NAD83_PROJ</projcsn><peXml Sync="TRUE">&lt;ProjectedCoordinateSystem xsi:type='typens:ProjectedCoordinateSystem' xmlns:xsi='http://www.w3.org/2001/XMLSchema-instance' xmlns:xs='http://www.w3.org/2001/XMLSchema' xmlns:typens='http://www.esri.com/schemas/ArcGIS/10.3'&gt;&lt;WKT&gt;PROJCS[&amp;quot;NAD83_PROJ&amp;quot;,GEOGCS[&amp;quot;GCS_North_American_1983&amp;quot;,DATUM[&amp;quot;D_North_American_1983&amp;quot;,SPHEROID[&amp;quot;GRS_1980&amp;quot;,6378137.0,298.257222101]],PRIMEM[&amp;quot;Greenwich&amp;quot;,0.0],UNIT[&amp;quot;Degree&amp;quot;,0.0174532925199433]],PROJECTION[&amp;quot;Polyconic&amp;quot;],PARAMETER[&amp;quot;False_Easting&amp;quot;,0.0],PARAMETER[&amp;quot;False_Northing&amp;quot;,0.0],PARAMETER[&amp;quot;Central_Meridian&amp;quot;,-77.75],PARAMETER[&amp;quot;Latitude_Of_Origin&amp;quot;,40.925],UNIT[&amp;quot;Meter&amp;quot;,1.0]]&lt;/WKT&gt;&lt;XOrigin&gt;-20037700&lt;/XOrigin&gt;&lt;YOrigin&gt;-19880600&lt;/YOrigin&gt;&lt;XYScale&gt;224756315.71340498&lt;/XYScale&gt;&lt;ZOrigin&gt;-100000&lt;/ZOrigin&gt;&lt;ZScale&gt;10000&lt;/ZScale&gt;&lt;MOrigin&gt;-100000&lt;/MOrigin&gt;&lt;MScale&gt;10000&lt;/MScale&gt;&lt;XYTolerance&gt;0.001&lt;/XYTolerance&gt;&lt;ZTolerance&gt;0.001&lt;/ZTolerance&gt;&lt;MTolerance&gt;0.001&lt;/MTolerance&gt;&lt;HighPrecision&gt;true&lt;/HighPrecision&gt;&lt;/ProjectedCoordinateSystem&gt;</peXml></coordRef></DataProperties><SyncDate>20210330</SyncDate><SyncTime>13331800</SyncTime><ModDate>20210330</ModDate><ModTime>13331800</ModTime></Esri><dataIdInfo><envirDesc Sync="TRUE"> Version 6.2 (Build 9200) ; Esri ArcGIS 10.3.1.4959</envirDesc><dataLang><languageCode value="eng" Sync="TRUE"></languageCode><countryCode value="USA" Sync="TRUE"></countryCode></dataLang><idCitation><resTitle Sync="TRUE">PaMunicipalityBoundary</resTitle><presForm><PresFormCd value="005" Sync="TRUE"></PresFormCd></presForm></idCitation><spatRpType><SpatRepTypCd value="001" Sync="TRUE"></SpatRepTypCd></spatRpType></dataIdInfo><mdLang><languageCode value="eng" Sync="TRUE"></languageCode><countryCode value="USA" Sync="TRUE"></countryCode></mdLang><distInfo><distFormat><formatName Sync="TRUE">Shapefile</formatName></distFormat><distTranOps><transSize Sync="TRUE">0.000</transSize></distTranOps></distInfo><mdHrLv><ScopeCd value="005" Sync="TRUE"></ScopeCd></mdHrLv><mdHrLvName Sync="TRUE">dataset</mdHrLvName><refSysInfo><RefSystem><refSysID><identCode code="0" Sync="TRUE"></identCode></refSysID></RefSystem></refSysInfo><spatRepInfo><VectSpatRep><geometObjs Name="PaMunicipalityBoundary"><geoObjTyp><GeoObjTypCd value="002" Sync="TRUE"></GeoObjTypCd></geoObjTyp><geoObjCnt Sync="TRUE">0</geoObjCnt></geometObjs><topLvl><TopoLevCd value="001" Sync="TRUE"></TopoLevCd></topLvl></VectSpatRep></spatRepInfo><spdoinfo><ptvctinf><esriterm Name="PaMunicipalityBoundary"><efeatyp Sync="TRUE">Simple</efeatyp><efeageom code="4" Sync="TRUE"></efeageom><esritopo Sync="TRUE">FALSE</esritopo><efeacnt Sync="TRUE">0</efeacnt><spindex Sync="TRUE">FALSE</spindex><linrefer Sync="TRUE">FALSE</linrefer></esriterm></ptvctinf></spdoinfo><eainfo><detailed Name="PaMunicipalityBoundary"><enttyp><enttypl Sync="TRUE">PaMunicipalityBoundary</enttypl><enttypt Sync="TRUE">Feature Class</enttypt><enttypc Sync="TRUE">0</enttypc></enttyp><attr><attrlabl Sync="TRUE">FID</attrlabl><attalias Sync="TRUE">FID</attalias><attrtype Sync="TRUE">OID</attrtype><attwidth Sync="TRUE">4</attwidth><atprecis Sync="TRUE">0</atprecis><attscale Sync="TRUE">0</attscale><attrdef Sync="TRUE">Internal feature number.</attrdef><attrdefs Sync="TRUE">Esri</attrdefs><attrdomv><udom Sync="TRUE">Sequential unique whole numbers that are automatically generated.</udom></attrdomv></attr><attr><attrlabl Sync="TRUE">Shape</attrlabl><attalias Sync="TRUE">Shape</attalias><attrtype Sync="TRUE">Geometry</attrtype><attwidth Sync="TRUE">0</attwidth><atprecis Sync="TRUE">0</atprecis><attscale Sync="TRUE">0</attscale><attrdef Sync="TRUE">Feature geometry.</attrdef><attrdefs Sync="TRUE">Esri</attrdefs><attrdomv><udom Sync="TRUE">Coordinates defining the features.</udom></attrdomv></attr><attr><attrlabl Sync="TRUE">COUNTY</attrlabl><attalias Sync="TRUE">COUNTY</attalias><attrtype Sync="TRUE">String</attrtype><attwidth Sync="TRUE">2</attwidth><atprecis Sync="TRUE">0</atprecis><attscale Sync="TRUE">0</attscale></attr><attr><attrlabl Sync="TRUE">MUNICIPAL_</attrlabl><attalias Sync="TRUE">MUNICIPAL_</attalias><attrtype Sync="TRUE">String</attrtype><attwidth Sync="TRUE">3</attwidth><atprecis Sync="TRUE">0</atprecis><attscale Sync="TRUE">0</attscale></attr><attr><attrlabl Sync="TRUE">MUNICIPAL1</attrlabl><attalias Sync="TRUE">MUNICIPAL1</attalias><attrtype Sync="TRUE">String</attrtype><attwidth Sync="TRUE">20</attwidth><atprecis Sync="TRUE">0</atprecis><attscale Sync="TRUE">0</attscale></attr><attr><attrlabl Sync="TRUE">FIPS_MUN_C</attrlabl><attalias Sync="TRUE">FIPS_MUN_C</attalias><attrtype Sync="TRUE">String</attrtype><attwidth Sync="TRUE">5</attwidth><atprecis Sync="TRUE">0</atprecis><attscale Sync="TRUE">0</attscale></attr><attr><attrlabl Sync="TRUE">FED_AID_UR</attrlabl><attalias Sync="TRUE">FED_AID_UR</attalias><attrtype Sync="TRUE">String</attrtype><attwidth Sync="TRUE">1</attwidth><atprecis Sync="TRUE">0</atprecis><attscale Sync="TRUE">0</attscale></attr><attr><attrlabl Sync="TRUE">FIPS_COUNT</attrlabl><attalias Sync="TRUE">FIPS_COUNT</attalias><attrtype Sync="TRUE">String</attrtype><attwidth Sync="TRUE">3</attwidth><atprecis Sync="TRUE">0</atprecis><attscale Sync="TRUE">0</attscale></attr><attr><attrlabl Sync="TRUE">FIPS_AREA_</attrlabl><attalias Sync="TRUE">FIPS_AREA_</attalias><attrtype Sync="TRUE">String</attrtype><attwidth Sync="TRUE">5</attwidth><atprecis Sync="TRUE">0</atprecis><attscale Sync="TRUE">0</attscale></attr><attr><attrlabl Sync="TRUE">FIPS_NAME</attrlabl><attalias Sync="TRUE">FIPS_NAME</attalias><attrtype Sync="TRUE">String</attrtype><attwidth Sync="TRUE">16</attwidth><atprecis Sync="TRUE">0</atprecis><attscale Sync="TRUE">0</attscale></attr><attr><attrlabl Sync="TRUE">FIPS_SQ_MI</attrlabl><attalias Sync="TRUE">FIPS_SQ_MI</attalias><attrtype Sync="TRUE">Double</attrtype><attwidth Sync="TRUE">19</attwidth><atprecis Sync="TRUE">0</atprecis><attscale Sync="TRUE">0</attscale></attr><attr><attrlabl Sync="TRUE">FIPS_MUN_P</attrlabl><attalias Sync="TRUE">FIPS_MUN_P</attalias><attrtype Sync="TRUE">Integer</attrtype><attwidth Sync="TRUE">10</attwidth><atprecis Sync="TRUE">10</atprecis><attscale Sync="TRUE">0</attscale></attr><attr><attrlabl Sync="TRUE">FED_ID_NUM</attrlabl><attalias Sync="TRUE">FED_ID_NUM</attalias><attrtype Sync="TRUE">String</attrtype><attwidth Sync="TRUE">10</attwidth><atprecis Sync="TRUE">0</atprecis><attscale Sync="TRUE">0</attscale></attr><attr><attrlabl Sync="TRUE">CLASS_OF_M</attrlabl><attalias Sync="TRUE">CLASS_OF_M</attalias><attrtype Sync="TRUE">String</attrtype><attwidth Sync="TRUE">4</attwidth><atprecis Sync="TRUE">0</atprecis><attscale Sync="TRUE">0</attscale></attr><attr><attrlabl Sync="TRUE">FIPS_STATE</attrlabl><attalias Sync="TRUE">FIPS_STATE</attalias><attrtype Sync="TRUE">String</attrtype><attwidth Sync="TRUE">2</attwidth><atprecis Sync="TRUE">0</atprecis><attscale Sync="TRUE">0</attscale></attr><attr><attrlabl Sync="TRUE">FIPS_CODE</attrlabl><attalias Sync="TRUE">FIPS_CODE</attalias><attrtype Sync="TRUE">String</attrtype><attwidth Sync="TRUE">25</attwidth><atprecis Sync="TRUE">0</atprecis><attscale Sync="TRUE">0</attscale></attr><attr><attrlabl Sync="TRUE">GNIS_PPL</attrlabl><attalias Sync="TRUE">GNIS_PPL</attalias><attrtype Sync="TRUE">Integer</attrtype><attwidth Sync="TRUE">10</attwidth><atprecis Sync="TRUE">10</atprecis><attscale Sync="TRUE">0</attscale></attr><attr><attrlabl Sync="TRUE">PLANNING_P</attrlabl><attalias Sync="TRUE">PLANNING_P</attalias><attrtype Sync="TRUE">String</attrtype><attwidth Sync="TRUE">254</attwidth><atprecis Sync="TRUE">0</atprecis><attscale Sync="TRUE">0</attscale></attr><attr><attrlabl Sync="TRUE">COUNTY_NAM</attrlabl><attalias Sync="TRUE">COUNTY_NAM</attalias><attrtype Sync="TRUE">String</attrtype><attwidth Sync="TRUE">254</attwidth><atprecis Sync="TRUE">0</atprecis><attscale Sync="TRUE">0</attscale></attr><attr><attrlabl Sync="TRUE">DISTRICT_N</attrlabl><attalias Sync="TRUE">DISTRICT_N</attalias><attrtype Sync="TRUE">String</attrtype><attwidth Sync="TRUE">254</attwidth><atprecis Sync="TRUE">0</atprecis><attscale Sync="TRUE">0</attscale></attr><attr><attrlabl Sync="TRUE">ANSI_CODE</attrlabl><attalias Sync="TRUE">ANSI_CODE</attalias><attrtype Sync="TRUE">String</attrtype><attwidth Sync="TRUE">254</attwidth><atprecis Sync="TRUE">0</atprecis><attscale Sync="TRUE">0</attscale></attr><attr><attrlabl Sync="TRUE">DCED_ID</attrlabl><attalias Sync="TRUE">DCED_ID</attalias><attrtype Sync="TRUE">String</attrtype><attwidth Sync="TRUE">6</attwidth><atprecis Sync="TRUE">0</atprecis><attscale Sync="TRUE">0</attscale></attr><attr><attrlabl Sync="TRUE">Shape_Leng</attrlabl><attalias Sync="TRUE">Shape_Leng</attalias><attrtype Sync="TRUE">Double</attrtype><attwidth Sync="TRUE">19</attwidth><atprecis Sync="TRUE">0</atprecis><attscale Sync="TRUE">0</attscale></attr><attr><attrlabl Sync="TRUE">Shape_Area</attrlabl><attalias Sync="TRUE">Shape_Area</attalias><attrtype Sync="TRUE">Double</attrtype><attwidth Sync="TRUE">19</attwidth><atprecis Sync="TRUE">0</atprecis><attscale Sync="TRUE">0</attscale><attrdef Sync="TRUE">Area of feature in internal units squared.</attrdef><attrdefs Sync="TRUE">Esri</attrdefs><attrdomv><udom Sync="TRUE">Positive real numbers that are automatically generated.</udom></attrdomv></attr></detailed></eainfo><mdDateSt Sync="TRUE">20210330</mdDateSt></metadata>
